2001,Oliver,1969-12-31,598 Fringilla. St.,Beausejour,6000 ,2019-02-14,0006-09-14
2002,Beverly,1969-12-31,1475 Quam Avenue,La Reina,00-19,0012-07-20,2016-02-19
2003,Tobias,1969-12-31,P.O. Box 273, 5651 Ultrices Road,Le Ha,2019-02-18,'NULL'
2004,Jena,1969-12-31,489-2646 Ante. St.,Eugene,9980,0001-10-20,2015-02-23
2005,Lenore,1969-12-31,Ap #983-1947 Dictum Av.,Reus,03361,2019-04-13,2014-10-30
2006,Hannah,1969-12-31,5502 Sit St.,La Higuera,62035,2019-02-18,0010-02-14
2007,Kenyon,1969-12-31,P.O. Box 629, 6235 Nisi Road,Yerba,2019-02-18,'NULL'
2008,Raja,1969-12-31,Ap #668-8860 Commodo Street,Bagh,19749,2019-02-18,2007-05-17
2009,Vivian,1969-12-31,9977 Adipiscing Street,Seborga,07617,2020-08-19,2018-11-17
2010,Yuli,1969-12-31,7645 Luctus Avenue,Redwater,41166,0001-12-21,0011-04-19
2011,Salvador,1969-12-31,9437 Sit Av.,Villers-aux-Tours,28066,0010-10-20,2012-03-24
2012,Jennifer,1969-12-31,P.O. Box 620, 1603 Pharetra Avenue,Shchy,2019-02-18,'NULL'
2013,Elaine,1969-12-31,869-8138 Sollicitudin St.,Telfs,70555,2020-07-30,2012-11-22
2014,Ferdinand,1969-12-31,6642 Fermentum Road,Attimis,61639,0001-04-20,2017-09-19
2015,Adrian,1969-12-31,Ap #776-4155 Aliquam St.,Poitiers,Y3 1D,2020-10-16,2012-09-22
2016,Cameron,1969-12-31,501-1322 Mi Av.,San Pietro al Tanagro,23787,0007-08-20,2018-04-16
2017,Venus,1969-12-31,5328 A St.,Montes Claros,70834,2019-06-24,2006-11-13
2018,Kirby,1969-12-31,P.O. Box 983, 4754 Nunc St.,Divin,2019-02-18,'NULL'
2019,Jenna,1969-12-31,275-2672 Quam Rd.,Lissewege,26665,2020-05-23,0002-12-09
2020,Jin,1969-12-31,Ap #352-4440 Proin St.,Penco,31-05,2021-01-30,0012-01-18
2021,Eleanor,1969-12-31,P.O. Box 841, 9305 Tristique Ave,Kawaw,2019-02-18,'NULL'
2022,Ezra,1969-12-31,Ap #715-5492 Accumsan Rd.,Oderzo,79031,0008-06-20,2017-01-16
2023,Edan,1969-12-31,8200 Lobortis Rd.,Rae Lakes,81729,2019-02-18,2006-03-27
2024,Ruth,1969-12-31,4223 Euismod Street,Morelia,GS5 8,2019-02-18,2008-06-17
2025,Abraham,1969-12-31,Ap #795-5379 Lacinia Avenue,Gembloux,21199,2019-02-18,2019-11-18
2026,Brianna,1969-12-31,P.O. Box 721, 9153 Nunc St.,WÃƒÂ¼,2019-02-18,2019-02-18
2027,Noelle,1969-12-31,Ap #207-9571 Imperdiet Rd.,Stony Plain,31671,2011-08-20,2019-02-18
2028,Thaddeus,1969-12-31,Ap #439-8229 Eu Road,South Bend,59294,2019-11-22,2019-02-18
2029,Ocean,1969-12-31,P.O. Box 605, 9588 Donec St.,Frasn,2019-02-18,2019-02-18
2030,Hiram,1969-12-31,P.O. Box 458, 4059 Pretium Ave,Vejal,2011-12-15,2019-02-18
2031,Gary,1969-12-31,P.O. Box 422, 4916 Et Ave,AÃƒÂ§,2011-12-15,2019-02-18
2032,Roanna,1969-12-31,7981 Risus St.,Tavigny,Z2513,0010-03-20,2012-12-13
2033,Quincy,1969-12-31,Ap #532-6881 Nisi Avenue,San Rosendo,10274,0007-06-19,0012-03-19
2034,Sasha,1969-12-31,Ap #945-4148 Quam. Ave,Santa Coloma de Gramenet,62096,2020-03-31,0010-05-12
2035,Frances,1969-12-31,P.O. Box 747, 6129 Dictum Ave,Cinis,2011-12-15,2011-12-15
2036,Raya,1969-12-31,181-3323 Lobortis Street,Wattrelos,78837,2020-12-17,0004-10-12
2037,Amelia,1969-12-31,772 Dui. Road,Melle,4482,2011-12-15,2011-12-15
2038,Sylvester,1969-12-31,P.O. Box 293, 1093 Et St.,Rudia,2011-12-15,2011-12-15
2039,Daryl,1969-12-31,5501 Mauris Street,Windermere,81346,2011-12-15,2017-04-19
2040,Xander,1969-12-31,367-7755 Euismod Rd.,Coltauco,9305,2021-01-30,2017-11-14
2041,Zachery,1969-12-31,4655 Amet Av.,GravataÃƒÂ­,10-55,2020-08-20,2017-02-28
2042,Kimberley,1969-12-31,2276 Nibh. Road,Mantova,9528,0008-11-19,2008-02-21
2043,Tashya,1969-12-31,486-4521 Risus. Street,Kendal,53761,2019-05-22,2013-03-16
2044,Levi,1969-12-31,864-9077 Aliquam Av.,Stilo,82404,0006-04-19,0011-03-06
2045,Hollee,1969-12-31,132-9249 Pretium Avenue,Vegreville,96-83,0011-12-20,2014-12-21
2046,Cain,1969-12-31,109-1865 Arcu. St.,Inuvik,41216,0009-10-19,2017-11-17
2047,Jeremy,1969-12-31,197-4759 Faucibus Street,Kasterlee,68931,2019-06-17,2012-06-20
2048,Jenna,1969-12-31,8138 Vulputate Road,Villafranca d'Asti,94135,0005-05-19,2010-01-15
2049,Riley,1969-12-31,P.O. Box 678, 7160 Adipiscing Road,Lytka,2019-09-26,2011-12-15
2050,Daryl,1969-12-31,P.O. Box 840, 8523 At, Road,2019-09-26,2011-12-15
2051,Damon,1969-12-31,Ap #311-139 Fusce Road,Maiduguri,62383,2019-09-26,0006-05-16
2052,Serena,1969-12-31,P.O. Box 278, 8023 Posuere Avenue,Asbes,2019-09-26,2011-12-15
2053,Pandora,1969-12-31,P.O. Box 461, 902 Donec Avenue,Mamuj,2019-09-26,2011-12-15
2054,Roth,1969-12-31,P.O. Box 196, 7978 Fermentum Street,Luino,2019-09-26,2011-12-15
2055,Geoffrey,1969-12-31,Ap #770-4300 Pede Rd.,AfÃ…Å¸in,67279,2020-08-25,2016-10-15
2056,Mara,1969-12-31,P.O. Box 233, 8036 Curabitur Avenue,Mount,2019-09-26,2011-12-15
2057,Mohammad,1969-12-31,P.O. Box 841, 1825 Velit Rd.,Cumbe,2019-09-26,2011-12-15
2058,Jana,1969-12-31,9684 Interdum St.,Perinaldo,3355 ,2019-09-26,2016-07-27
2059,Peter,1969-12-31,9925 Eu St.,Argyle,17544,2019-09-26,2006-03-22
2060,Quynn,1969-12-31,6997 At Road,San Felipe,34502,2019-09-26,0004-03-09
2061,Colette,1969-12-31,P.O. Box 302, 505 Orci Rd.,Pader,2019-09-26,2011-12-15
2062,Astra,1969-12-31,342-2788 Non, Rd.,Cardi,2019-09-26,2011-12-15
2063,Charles,1969-12-31,222-7165 Sodales Street,Guilmi,08991,2019-09-26,2008-03-29
2064,Jolene,1969-12-31,P.O. Box 471, 3066 Vel Avenue,Calve,2019-09-26,2011-12-15
2065,Shea,1969-12-31,1403 Consequat Avenue,Chieti,32054,2020-04-14,2016-06-27
2066,Velma,1969-12-31,8170 Interdum St.,Drongen,1110,2019-10-29,2019-02-26
2067,Denton,1969-12-31,Ap #832-5626 Et, Rd.,Sunga,2019-09-26,2011-12-15
2068,Calista,1969-12-31,183-5444 Nunc. Avenue,Ripacandida,57066,0008-09-20,0001-07-16
2069,Thane,1969-12-31,814-780 Tincidunt Street,Delianuova,12646,2020-08-14,2018-12-18
2070,Karleigh,1969-12-31,P.O. Box 615, 9022 Lacus Road,Munic,2019-09-26,2011-12-15
2071,Bert,1969-12-31,1491 Quam St.,Mosocw,11461,0009-11-20,2013-04-15
2072,Kaitlin,1969-12-31,814-5672 Eu St.,Haveli,0908 ,0003-09-20,2009-04-24
2073,Evangeline,1969-12-31,4576 Enim, Road,Heist,2019-09-26,2011-12-15
2074,Angela,1969-12-31,6645 Ipsum Ave,Sahiwal,N5A 5,2020-09-26,0002-11-19
2075,Suki,1969-12-31,811-7651 Purus Ave,Roshal,68-84,2019-07-26,2006-12-14
2076,Hanna,1969-12-31,Ap #823-9712 Cursus St.,Padang Panjang,Z0698,0011-07-20,2009-09-26
2077,Guinevere,1969-12-31,P.O. Box 223, 1124 Urna St.,PÃƒÂ©,2019-09-26,2019-09-26
2078,Chelsea,1969-12-31,427-4869 Ipsum Rd.,Maidenhead,11215,2020-08-29,2017-06-18
2079,Rogan,1969-12-31,3761 Sed Road,Cartagena,55930,0006-03-20,2019-09-29
2080,Prescott,1969-12-31,8550 Nunc Street,Pointe-du-Lac,AA5J ,2019-12-28,2008-06-21
2081,Kiona,1969-12-31,Ap #165-2221 Malesuada Rd.,Carbonear,8114,2020-05-27,2013-03-18
2082,Hoyt,1969-12-31,9570 Sem, Av.,Color,2019-09-26,2019-09-26
2083,Jamal,1969-12-31,282-6186 Fermentum St.,Ilbono,61373,2020-09-22,2014-11-29
2084,Austin,1969-12-31,Ap #584-9420 Non Rd.,Swabi,57992,2020-06-25,2019-11-15
2085,Teegan,1969-12-31,9610 Torquent Rd.,Niort,38867,0005-12-20,0008-01-11
2086,Tyler,1969-12-31,6717 Netus Av.,Melbourne,5630,2020-03-25,2010-07-31
2087,Callie,1969-12-31,P.O. Box 558, 4922 Enim, Aven,2019-09-26,2019-09-26
2088,Cassidy,1969-12-31,753-9143 Sed Ave,Gelbressee,11815,2021-01-21,2016-12-20
2089,Lynn,1969-12-31,Ap #122-2412 Elit. Road,Warren,65839,2020-05-24,2018-05-20
2090,Celeste,1969-12-31,459 Nec, St.,Kansa,2019-09-26,'NULL'
2091,Hilary,1969-12-31,839-8591 In Av.,Beringen,65839,2020-03-13,0011-11-10
2092,Clinton,1969-12-31,P.O. Box 554, 4597 Nunc Road,Enter,2019-09-26,'NULL'
2093,Lunea,1969-12-31,Ap #752-5518 At Road,Gavirate,61584,2020-08-31,2006-02-23
2094,Brynne,1969-12-31,3000 Iaculis Street,Kansas City,7689,2019-11-15,0007-05-10
2095,Hayes,1969-12-31,529-4064 A, Rd.,Carst,2019-09-26,'NULL'
2096,Ali,1969-12-31,5451 Mauris Rd.,Geelong,42162,0006-05-19,2012-12-18
2097,Devin,1969-12-31,P.O. Box 542, 9936 Ante St.,Bucki,2019-09-26,'NULL'
2098,Robin,1969-12-31,220-4539 Nam Street,Yellowknife,45897,2019-05-21,2016-10-25
2099,Hilda,1969-12-31,P.O. Box 537, 9578 Interdum St.,Geral,2019-09-26,'NULL'
NULL,NULL,NULL,NULL,NULL,NULL,NULL,NULL